Keyword,Outline,Article,Processed
hoodies for sublimation,,,Failed
bulk order custom sublimation apparel,,,Failed
dye sublimation shirts,"[MessageContentText(text=Text(annotations=[TextAnnotationFileCitation(end_index=980, file_citation=TextAnnotationFileCitationFileCitation(file_id='file-AWuLwbJQacpToIkrFpSAyvTi', quote=''), start_index=969, text='【39†source】', type='file_citation')], value=""Based on the given directives for creating a blog post outline for dye sublimation shirts, leveraging data visualizations from the provided graph, and incorporating relevant product images and internal links, here's a succinct outline for the post:\n\n### Blog Title: Revolutionizing Fashion with Dye Sublimation Shirts by dasFlow\n\n**Introduction**: Brief overview of how dye sublimation technology has transformed the custom apparel industry, highlighting its significance in today's fashion landscape.\n\n**Section 1: The Science of Sublimation**\n- Brief explanation of dye sublimation process. \n- Incorporate data visualization showing the growth of dye sublimation in the fashion industry.\n  \n**Section 2: Unveiling the Trends** \n- Discuss the latest trends in dye sublimation shirts using insights from the provided data visualization.\n- Insert relevant product image: ![Custom Light Blue Seamless Tank Top with Light Blue Seamless Biker Shorts](custom-light-blue.jpg)【39†source】.\n\n**Section 3: Customization at Your Fingertips**\n- Explain how dasFlow enables unparalleled customization for dye sublimation shirts\n- Highlight the range of customizable options available at dasFlow through internal link: [Custom Sublimation Apparel](https://www.dasflow.com/custom-sublimation-apparel)\n\n**Section 4: Beyond T-Shirts: The Versatility of Dye Sublimation**\n- Show the broad applicability of dye sublimation beyond shirts, including hoodies and seamless garments.\n- Reinforce with relevant internal links and images:\n    - [Sublimation Hoodies](https://www.dasflow.com/sublimation-hoodies) with ![Custom Sublimated Hoodies](https://images.squarespace-cdn.com/content/v1/598491113a041132074cc5be/f329b78a-262f-411d-a9f5-959a6b23a0f9/Copy+of+SIZE+CHART_page-0001.jpg)\n    - [Design Your Own Seamless Garments](https://www.dasflow.com/seamless-garments) with ![Seamless Garments Design](https://images.squarespace-cdn.com/content/v1/598491113a041132074cc5be/c21a9679-1720-49f8-a7ab-05fab4bffc6e/New+Project+%285%29.png)\n\n**Section 5: Sustainability in Style**\n- Address dasFlow’s commitment to sustainability through eco-friendly dye sublimation processes.\n- Link to more information on dasFlow's eco-friendly approach: [POLO DESIGN (COPY) - Pickleball Polo Solutions](https://www.dasflow.com/polo-design-copy)\n\n**Conclusion**: Summarize the benefits of choosing dye sublimation shirts from dasFlow, emphasizing customization, versatility, and sustainability. Call to action inviting readers to explore dasFlow's collection and make their fashion statement.\n\nThis outline adeptly covers the essence of dye sublimation shirts and how dasFlow leverages this technology, backed by data visualizations and internal resources to enrich the readers' understanding and engagement with the topic.""), type='text')]",,Yes
hoodies sublimation,,"### **Customizable Rash Guards: Dive Into Your Unique Style**

---

#### **Key Takeaways**

- **Customization Appeal:** Custom rash guards allow for personal and team expression through unique designs.
- **Material Importance:** The right fabric ensures comfort and performance under various conditions.
- **Design Trends:** Visual appeal and functionality go hand in hand, reflecting personal or team branding.
- **Finding Custom Rash Guards:** Options for both individual and bulk orders are available, catering to diverse needs.

---

#### **Introduction**

Customizable rash guards have become a token of personal style and team spirit in aquatic and outdoor sports. They not only protect against harsh outdoor elements but also offer an incredible opportunity for athletes and teams to express their individuality. Let's dive into how you can add a unique twist to your sports gear.

---

#### **The Art of Customization**

Customizing rash guards gives you the power to stand out. Whether it's for personal use or team identity, the ability to choose designs, colors, and logos transforms regular gear into a statement piece.

**Material Matters:** The comfort and performance of a rash guard significantly depend on the material. For those seeking deeper insights into material selection, consider our exploration of this topic in [Custom Rash Guards for Team Building Activities](https://www.dasflow.com/blogs/what-material-is-best-for-rash-guards-1).

![Custom Rash Guards Material](https://images.squarespace-cdn.com/content/v1/598491113a041132074cc5be/1684767508759-QNZEEY7GVNF43JDZUHLV/image-asset.jpeg)

---

#### **Design Your Dream Rash Guard**

Boring designs are a thing of the past. Today's trends reflect more than just colors; they encapsulate personal journeys, team values, and memorable experiences. Creating a rash guard that tells your story is not just about looking good but feeling connected to what you wear.

**Visualizing the Trend:** From dynamic patterns to bespoke logos, the world of design is your oyster. Dive into the visual culture shaping today's sports apparel through our analysis of the most popular designs and colors.

---

#### **Where to Find Customizable Rash Guards**

Discovering the perfect platform to bring your custom rash guard to life is crucial. Our range of [customizable gear](https://www.dasflow.com/custom-sublimation-apparel) melds innovative design with practicality, ensuring you get the best of both worlds.

**Spotlight on Seamless Garments:** For those pursuing enhanced comfort and performance, our collection of seamless garments offers a sleek, frictionless experience. Explore customizable options in our seamless garments collection [here](https://www.dasflow.com/seamless-garments).

![Seamless Garments Design](https://images.squarespace-cdn.com/content/v1/598491113a041132074cc5be/c21a9679-1720-49f8-a7ab-05fab4bffc6e/New+Project+%285%29.png)

---

#### **Conclusion**

Choosing a customizable rash guard is more than a functional decision; it's a creative adventure. We encourage you to explore, imagine, and create. Dive into your unique style and let your gear speak volumes about who you are and what you stand for.

Our passion for innovation and design is reflected in every piece we create. Begin your customization journey with us today and redefine your sports attire with a personal touch.

This guide highlights the essence of customizable rash guards, blending practical advice with motivations for personal expression. By focusing on material choices, design trends, and where to find customizable options, we've crafted a comprehensive overview for enthusiasts and professionals alike. Now, it’s time to take your gear to the next level—customize your way to distinction!",Failed
sublimated hoodies,"[MessageContentText(text=Text(annotations=[], value='# Blog Post Outline: The Evolution and Popularity of Sublimated Hoodies\n\n## Introduction\n- Briefly discuss the growing trend of custom athleisure and how sublimated hoodies have become a staple in both fashion and sports.\n\n## What are Sublimated Hoodies?\n- Explain the concept of sublimation printing and its benefits, such as vibrant colors and long-lasting designs.\n    - Include Data Visualization: ![Sublimation Process Explained](https://iili.io/JE6Ao4p.png)\n    - Relevant Internal Link: [Custom Sublimated Hoodies](https://www.dasflow.com/sublimation-hoodies) ![Custom Sublimated Hoodies Image](https://images.squarespace-cdn.com/content/v1/598491113a041132074cc5be/f329b78a-262f-411d-a9f5-959a6b23a0f9/Copy+of+SIZE+CHART_page-0001.jpg)\n\n## Why Choose Sublimated Hoodies?\n- Discuss the durability, customization options, and comfort of sublimated hoodies.\n    - Product Image: ![Image 1](https://dasflow.com/1GM09947.jpg)\n\n## How to Choose Your Custom Sublimated Hoodie\n- Offer tips on selecting the right material, design, and sizing for personalized needs.\n    - Relevant Internal Link: [How to Choose the Custom Sublimated Print Polo](https://www.dasflow.com/blogs/how-to-choose-the-custom-sublimated-print-polo-thats-right-for-you) ![How to Choose the Custom Sublimated Print Polo Image](https://images.squarespace-cdn.com/content/v1/598491113a041132074cc5be/1625249461681-85RLAR1O2KLRSV39EKK2/Smart_PoloGraphic.jpg)\n\n## The Production Process of Sublimated Hoodies\n- Outline the step-by-step process from design conception to the final product.\n    - Include Data Visualization: ![The Production Process](https://iili.io/JE6ubQj.png)\n\n## Custom Sublimated Hoodies for Teams and Groups\n- Highlight the benefits of custom sublimated hoodies for sports teams, corporate events, and group activities.\n    - Relevant Internal Link: [Custom Sublimation Apparel](https://www.dasflow.com/custom-sublimation-apparel) ![Custom Sublimation Apparel Image](https://images.squarespace-cdn.com/content/v1/598491113a041132074cc5be/1666110396478-WHP44WNS7RJX3HPEBZYV/2.png)\n\n## Extending the Theme: Beyond Hoodies\n- Introduce other apparel items that are popular in sublimation printing, including polos, rash guards, and tank tops.\n    - Relevant Internal Link: [POLO DESIGN (Copy) - PICKLEBALL POLO SOLUTIONS](https://www.dasflow.com/polo-design-copy) ![PICKLEBALL POLO SOLUTIONS Image](https://images.squarespace-cdn.com/content/v1/598491113a041132074cc5be/af167cbf-8b7d-4654-9658-d3bf53ce07ea/Palm+Tree+Patterned+Sublimated+Short+Sleeve+Vacation+Polo)\n    - Product Image: ![Image 5](https://dasflow.com/1GM00747.jpg)\n\n## Conclusion\n- Summarize the versatility and appeal of sublimated hoodies and encourage readers to explore custom options for their needs.\n    - Relevant Internal Link: [Custom Rash Guards for Team Building Activities""](https://www.dasflow.com/blogs/what-material-is-best-for-rash-guards-1) ![Custom Rash Guards for Team Building Activities Image](https://images.squarespace-cdn.com/content/v1/598491113a041132074cc5be/1684767508759-QNZEEY7GVNF43JDZUHLV/image-asset.jpeg)\n\nThis outline serves as a comprehensive guide to creating a blog post about sublimated hoodies. It intertwines essential information, data visualizations, product highlights, and related apparel items to engage readers and promote dasFlow Custom Athleisure Apparel\'s offerings effectively.'), type='text')]","# Revolutionizing Fashion with Dye Sublimation Shirts by dasFlow

At dasFlow, we're at the forefront of revolutionizing the fashion landscape through our advanced dye sublimation technology. Offering unparalleled customization and a commitment to sustainability, we're not just keeping pace with fashion trends; we're setting them.

### Key Takeaways

- **Versatile Printing Technology**: Introduction of versatile printing such as DTF and white toner printing to accommodate diverse fabrics.
- **Accessibility**: Making sublimation technology accessible with more affordable options.
- **Innovation in Sublimation Blanks**: Continuously introducing innovative products suitable for dye sublimation.
- **Eco-Friendly**: Commitment to sustainability through eco-friendly dye sublimation processes.
- **Customization**: Offering a wide range of customizable options for unique personal or business needs.

## The Science of Sublimation

Dye sublimation is a game-changing technology in fashion. It prints designs onto fabric without affecting its texture or breathability, making it perfect for athletic apparel, hoodies, and more. Our cutting-edge process ensures vibrant, long-lasting colors on a variety of fabrics, from polyester to cotton blends. Delving into this innovation, we are keen on offering products that resonate with versatility and durability.

![Data Visualization of Sublimation Growth](https://iili.io/JE6A88P.png)

## Unveiling the Trends

The sublimation crafting industry is brimming with new trends. From more versatile printing methods that cater to various fabric types to an array of unique sublimation blanks, we're embracing these trends to offer an extensive product line. Our insights into the evolving market trends ensure we stay ahead, offering our clients the latest in fashion and functionality.

![Custom Light Blue Seamless Tank Top with Light Blue Seamless Biker Shorts](custom-light-blue.jpg)

## Customization at Your Fingertips

We pride ourselves on the level of customization we offer. Whether it's for individual expression or branding purposes, our range of products can be tailored to meet the unique needs and preferences of our clients. Browse through our collection on the [Custom Sublimation Apparel](https://www.dasflow.com/custom-sublimation-apparel) page to discover what we can do for you.

## Beyond T-Shirts: The Versatility of Dye Sublimation

Dye sublimation extends beyond traditional t-shirts to a variety of garments, offering boundless opportunities for customization and innovation. Our collection includes [Sublimation Hoodies](https://www.dasflow.com/sublimation-hoodies) and [Seamless Garments](https://www.dasflow.com/seamless-garments), showcasing the versatility and creativity enabled by dye sublimation.

![Design Your Own Seamless Garments](https://images.squarespace-cdn.com/content/v1/598491113a041132074cc5be/c21a9679-1720-49f8-a7ab-05fab4bffc6e/New+Project+%285%29.png)

## Sustainability in Style

Sustainability is at the heart of our operations. Our eco-friendly approach to dye sublimation ensures that we not only produce high-quality, durable garments but also contribute to a healthier planet. Learn more about our sustainability initiatives on the [Polo Design (Copy) - Pickleball Polo Solutions](https://www.dasflow.com/polo-design-copy) page.

## Conclusion

Choosing dye sublimation shirts from dasFlow means embracing a world of unlimited possibilities where customization, quality, and sustainability meet. We invite you to explore our collection and join us in this exciting fashion revolution.

Moving forward, we continue to innovate and expand our product line, making dye sublimation accessible to all. Stay tuned for what's next at dasFlow, where we believe in blending technology with fashion sensibilities to create unique apparel solutions for everyone.",Yes
customizable rash guards,"[MessageContentText(text=Text(annotations=[], value='Based on the provided resources and requirements, here\'s a short outline for a blog post about customizable rash guards, incorporating relevant pages, their links, their respective images, and data visualizations.\n\n---\n\n**Title: Customizable Rash Guards - Dive Into Your Unique Style**\n\n**Introduction**\n- Brief overview of the importance of rash guards in aquatic and outdoor sports.\n- Introduction to the concept of customizable rash guards and their rising popularity.\n\n**Section 1: The Art of Customization**\n- Discuss how customizable rash guards offer a unique opportunity for athletes and teams to express their identity.\n- Include a data visualization from *create_data_vis* showcasing the trend of customization in sports apparel over recent years.\n  \n  **Subsection 1.1: Material Matters**\n  - Highlight why choosing the right material is crucial for comfort and performance.\n  - Link to ""Custom Rash Guards for Team Building Activities"" for more insights on material choices. [Read More](https://www.dasflow.com/blogs/what-material-is-best-for-rash-guards-1)\n  - ![Custom Rash Guards Material](https://images.squarespace-cdn.com/content/v1/598491113a041132074cc5be/1684767508759-QNZEEY7GVNF43JDZUHLV/image-asset.jpeg)\n\n**Section 2: Design Your Dream Rash Guard**\n- Explain how athletes can design their rash guards with custom colors, patterns, and logos. The importance of visual appeal alongside functionality.\n  \n  **Subsection 2.1: Visualizing the Trend**\n  - Talk about trending designs and how they reflect personal or team branding.\n  - Include a visualization from *perplexity_research* on the most popular designs and colors of the year.\n\n**Section 3: Where to Find Customizable Rash Guards**\n- Present the top choices for customizable rash guards available on the market.\n- Mention the option for individual and bulk orders catering both to personal use and team sports.\n\n  **Subsection 3.1: Spotlight on Seamless Garments**\n  - Emphasize the seamless design options for enhanced comfort and performance.\n  - Link to the page for custom seamless garment designs. [Explore Options](https://www.dasflow.com/seamless-garments)\n  - ![Seamless Garments Design](https://images.squarespace-cdn.com/content/v1/598491113a041132074cc5be/c21a9679-1720-49f8-a7ab-05fab4bffc6e/New+Project+%285%29.png)\n\n**Conclusion**\n- Recap the benefits of opting for customizable rash guards.\n- Encourage readers to explore their creativity and amplify their sports attire through customization.\n\n---\n\nThis outline delivers a clear structure for developing a comprehensive blog post focused on customizable rash guards, highlighting the unique appeal of tailored sports apparel. Through internal links and images, readers are guided to explore more in-depth content, enriching their understanding and inspiring them to engage with customizable options. The integration of data visualizations offers an insightful look into trends, further emphasizing the significance of customization in enhancing both performance and style in sports apparel.'), type='text')]","# The New Wave of Comfort: Sublimated Hoodies

### Key Takeaways

| Benefit              | Description                                                        |
|----------------------|--------------------------------------------------------------------|
| Durability           | Made from high-quality polyester, ensuring long-lasting wear.      |
| Customization        | Offers endless design possibilities without fading or cracking.    |
| Process Efficiency   | Streamlined production process from design to delivery.            |
| Versatility          | Suitable for sports teams, corporate events, and leisure wear.     |
| Broad Selection      | Available in numerous designs, including polos and rash guards.    |

## Introduction
In the bustling world of custom athleisure, where fashion meets function, sublimated hoodies have carved out their niche, becoming a go-to for both style enthusiasts and sports aficionados alike. At dasFlow, we've embraced this trend, focusing on offering vibrant, durable, and custom-fit sublimated hoodies that stand the test of time.

## What are Sublimated Hoodies?
Sublimated hoodies are the result of an advanced printing process where designs are transferred onto fabric, resulting in vivid colors and sharp details that don't fade or crack over time. We ensure that each hoodie passes our strict quality standards, giving our customers products they can trust for years to come.

![Sublimation Process Explained](https://iili.io/JE6Ao4p.png)

For more, visit our detailed collection: [Custom Sublimated Hoodies](https://www.dasflow.com/sublimation-hoodies)  
![Custom Sublimated Hoodies Image](https://images.squarespace-cdn.com/content/v1/598491113a041132074cc5be/f329b78a-262f-411d-a9f5-959a6b23a0f9/Copy+of+SIZE+CHART_page-0001.jpg)

## Why Choose Sublimated Hoodies?
Our sublimated hoodies offer unparalleled durability and customization. The fabric's resilience guarantees that your investment remains as vibrant as day one, while the personalization possibilities are nearly infinite.

![Image 1](https://dasflow.com/1GM09947.jpg)

## How to Choose Your Custom Sublimated Hoodie
Choosing the right sublimated hoodie involves considering material, design, and sizing. We recommend focusing on polyester for its durability and ease of printing.

Learn more: [How to Choose the Custom Sublimated Print Polo](https://www.dasflow.com/blogs/how-to-choose-the-custom-sublimated-print-polo-thats-right-for-you)  
![How to Choose the Custom Sublimated Print Polo Image](https://images.squarespace-cdn.com/content/v1/598491113a041132074cc5be/1625249461681-85RLAR1O2KLRSV39EKK2/Smart_PoloGraphic.jpg)

## The Production Process of Sublimated Hoodies
Our manufacturing process, from design conception to delivery, is streamlined to ensure efficiency without compromising quality.

![The Production Process](https://iili.io/JE6ubQj.png)

## Custom Sublimated Hoodies for Teams and Groups
Ideal for various group activities, our hoodies are perfect for sports teams and corporate branding, offering a unified and professional look.

Dive into our range: [Custom Sublimation Apparel](https://www.dasflow.com/custom-sublimation-apparel)  
![Custom Sublimation Apparel Image](https://images.squarespace-cdn.com/content/v1/598491113a041132074cc5be/1666110396478-WHP44WNS7RJX3HPEBZYV/2.png)

## Extending the Theme: Beyond Hoodies
Our product line extends beyond hoodies to include polos, rash guards, and tank tops, all benefiting from our expertise in sublimation printing.

Explore options: [POLO DESIGN (Copy) - PICKLEBALL POLO SOLUTIONS](https://www.dasflow.com/polo-design-copy)  
![PICKLEBALL POLO SOLUTIONS Image](https://images.squarespace-cdn.com/content/v1/598491113a041132074cc5be/af167cbf-8b7d-4654-9658-d3bf53ce07ea/Palm+Tree+Patterned+Sublimated+Short+Sleeve+Vacation+Polo)

## Conclusion
Sublimated hoodies offer a versatile, durable, and stylish choice for individuals and groups alike. We encourage everyone to explore the range of custom options available at dasFlow, where innovation meets quality.

Keep exploring: [Custom Rash Guards for Team Building Activities](https://www.dasflow.com/blogs/what-material-is-best-for-rash-guards-1)  
![Custom Rash Guards for Team Building Activities Image](https://images.squarespace-cdn.com/content/v1/598491113a041132074cc5be/1684767508759-QNZEEY7GVNF43JDZUHLV/image-asset.jpeg)

In crafting this article, we aim to blend essential information with vivid data visualizations and product highlights. Our selection for sublimated hoodies and accompanying apparel is designed to meet a broad spectrum of needs, promoting the best dasFlow has to offer in the custom athleisure domain.",Yes
